Workbook

Sheet README
A1: Life-Level Boss & Encounter Balance Workbook
A3: Purpose | B3: Balance every boss using complete player builds: level, five stats, six equipped gear slots, all talent levels, previous boss victories, and actual workouts.
A4: Blue cells | B4: Designer inputs. Change these to test an encounter.
A5: Green cells | B5: Calculated outputs.
A6: Orange cells | B6: Implemented Combat V2 incoming-damage values.
A7: Current activity damage | B7: INT((calories × 0.5 + minutes + distanceKm × 3) × activity multiplier), then rounded after player damage modifiers.
A8: Current world boss HP | B8: Expected post-armor median hit × target turns (8 in chapters 1-4, 10 in 5-10, 12 in 11-15).
A9: Current guild raid HP | B9: Base boss HP × (0.75 + clamp(guild size, 1, 20) × 0.35).
A10: Armor | B10: Mitigation = Armor / (Armor + K); damage taken = raw damage × K / (Armor + K). Implemented for personal bosses and guild outgoing damage.
A11: Hits survived | B11: Player HP / damage per hit. This is an analysis metric; games normally calculate damage, not a hit counter.
A12: Workflow | B12: 1) Edit Gear Loadout and Talent Loadout. 2) Edit base stats and previous victories in Player Builds. 3) Tune actual workouts. 4) Review Boss Balance.
A13: Code references | B13: BossService.CalculateDamageFromActivity; BossCombatCalculator; BossBalanceCalculator; WorldBossBridgeService; WorldSeedData.

Sheet Settings
A1: Global balance assumptions | B1: Value | C1: Notes
A2: Armor constant K | B2: 100 | C2: Higher K makes armor weaker.
A3: Expected raw damage / workout | B3: 250 | C3: Median tuning hit before player multiplier, boss bonus, and boss armor.
A4: Player damage multiplier | B4: 1 | C4: Current combat-stat multiplier.
A5: Boss-active bonus | B5: 0 | C5: Percent talent bonus.
A6: Expected workouts / day | B6: 0.75 | C6: Used to estimate calendar days.
A7: Default player HP | B7: 440 | C7: For proposed incoming boss attacks.
A8: Default player armor | B8: 0 | C8: For proposed incoming boss attacks.
A9: Default boss raw hit | B9: 50 | C9: For proposed incoming boss attacks.
A10: Recovery hours | B10: 12 | C10: Workouts still earn rewards while personal-boss attacks are paused.
A11: Guild size | B11: 4 | C11: Used on the guild calculator below.
A12: Guild HP multiplier | B12: =0.75+MIN(20,MAX(1,B11))*0.35 -> 2.15 | C12: Matches current backend.
A13: Guild reward multiplier | B13: =1+(B12-1)*0.35 -> 1.4025 | C13: Matches current backend.

Sheet Gear Loadout
A1: Profile | B1: Boss | C1: Slot | D1: Equipped item | E1: Equipped? (1/0) | F1: STR | G1: AGI | H1: END | I1: FLX | J1: STA | K1: XP bonus %
A2: 1 | B2: Forest Warden | C2: Head | E2: 0 | F2: 0 | G2: 0 | H2: 0 | I2: 0 | J2: 0 | K2: 0
A3: 1 | B3: Forest Warden | C3: Chest | E3: 0 | F3: 0 | G3: 0 | H3: 0 | I3: 0 | J3: 0 | K3: 0
A4: 1 | B4: Forest Warden | C4: Hands | E4: 0 | F4: 0 | G4: 0 | H4: 0 | I4: 0 | J4: 0 | K4: 0
A5: 1 | B5: Forest Warden | C5: Feet | E5: 0 | F5: 0 | G5: 0 | H5: 0 | I5: 0 | J5: 0 | K5: 0
A6: 1 | B6: Forest Warden | C6: Accessory1 | E6: 0 | F6: 0 | G6: 0 | H6: 0 | I6: 0 | J6: 0 | K6: 0
A7: 1 | B7: Forest Warden | C7: Legs | E7: 0 | F7: 0 | G7: 0 | H7: 0 | I7: 0 | J7: 0 | K7: 0
A8: 2 | B8: Tide Sovereign | C8: Head | E8: 0 | F8: 0 | G8: 0 | H8: 0 | I8: 0 | J8: 0 | K8: 0
A9: 2 | B9: Tide Sovereign | C9: Chest | E9: 0 | F9: 0 | G9: 0 | H9: 0 | I9: 0 | J9: 0 | K9: 0
A10: 2 | B10: Tide Sovereign | C10: Hands | E10: 0 | F10: 0 | G10: 0 | H10: 0 | I10: 0 | J10: 0 | K10: 0
A11: 2 | B11: Tide Sovereign | C11: Feet | E11: 0 | F11: 0 | G11: 0 | H11: 0 | I11: 0 | J11: 0 | K11: 0
A12: 2 | B12: Tide Sovereign | C12: Accessory1 | E12: 0 | F12: 0 | G12: 0 | H12: 0 | I12: 0 | J12: 0 | K12: 0
A13: 2 | B13: Tide Sovereign | C13: Legs | E13: 0 | F13: 0 | G13: 0 | H13: 0 | I13: 0 | J13: 0 | K13: 0
... A91: 15 | B91: Worldflame | C91: Legs | E91: 0 | F91: 0 | G91: 0 | H91: 0 | I91: 0 | J91: 0 | K91: 0

Sheet Talent Loadout
A1: Profile | B1: Boss | C1: Talent | D1: Effect type | E1: Per-level value | F1: Talent level (0-10) | G1: Total effect | H1: Affects boss damage?
A2: 1 | B2: Forest Warden | C2: Iron Grip | D2: StatStrength | E2: 1 | F2: 0 | G2: =E2*F2 -> 0 | H2: Yes
A3: 1 | B3: Forest Warden | C3: Deep Lungs | D3: StatEndurance | E3: 1 | F3: 0 | G3: =E3*F3 -> 0 | H3: Yes
A4: 1 | B4: Forest Warden | C4: Fast Twitch | D4: StatAgility | E4: 1 | F4: 0 | G4: =E4*F4 -> 0 | H4: Yes
A5: 1 | B5: Forest Warden | C5: Loose Joints | D5: StatFlexibility | E5: 1 | F5: 0 | G5: =E5*F5 -> 0 | H5: Yes
A6: 1 | B6: Forest Warden | C6: Second Engine | D6: StatStamina | E6: 1 | F6: 0 | G6: =E6*F6 -> 0 | H6: Yes
A7: 1 | B7: Forest Warden | C7: Focused Training | D7: ActivityXpPct | E7: 1 | F7: 0 | G7: =E7*F7 -> 0 | H7: No
A8: 1 | B8: Forest Warden | C8: Morning Momentum | D8: MorningXpPct | E8: 2.5 | F8: 0 | G8: =E8*F8 -> 0 | H8: No
A9: 1 | B9: Forest Warden | C9: Runner's High | D9: CardioXpPct | E9: 1 | F9: 0 | G9: =E9*F9 -> 0 | H9: No
A10: 1 | B10: Forest Warden | C10: Iron Discipline | D10: StrengthStyleXpPct | E10: 1 | F10: 0 | G10: =E10*F10 -> 0 | H10: No
A11: 1 | B11: Forest Warden | C11: Quest Zeal | D11: QuestXpPct | E11: 2 | F11: 0 | G11: =E11*F11 -> 0 | H11: No
A12: 1 | B12: Forest Warden | C12: Second Wind | D12: SecondWind | E12: 1 | F12: 0 | G12: =E12*F12 -> 0 | H12: No
A13: 1 | B13: Forest Warden | C13: Steel Resolve | D13: ComebackXpPct | E13: 5 | F13: 0 | G13: =E13*F13 -> 0 | H13: No
... A241: 15 | B241: Worldflame | C241: Fair Exchange | D241: DropChancePct | E241: 1 | F241: 0 | G241: =E241*F241 -> 0 | H241: No

Sheet Player Builds
A1: Profile | B1: Boss | C1: Level | D1: Base STR | E1: Base AGI | F1: Base END | G1: Base FLX | H1: Base STA | I1: Previous boss victories | J1: Gear STR | K1: Gear AGI | L1: Gear END | M1: Gear FLX | N1: Gear STA | O1: Talent STR | P1: Talent AGI | Q1: Talent END | R1: Talent FLX | S1: Talent STA | T1: Boss damage % | U1: Boss-active damage % | V1: Effective STR | W1: Effective AGI | X1: Effective END | Y1: Effective FLX | Z1: Effective STA | AA1: Attack | AB1: Defense | AC1: Health | AD1: Power | AE1: Damage multiplier | AF1: Selected workout damage | AG1: Final boss damage/workout
A2: 1 | B2: Forest Warden | C2: 1 | D2: 0 | E2: 1 | F2: 1 | G2: 0 | H2: 0 | I2: 0 | J2: =SUMPRODUCT(('Gear Loadout'!A$2:A$91=A2)*'Gear Loadout'!F$2:F$91*'Gear Loadout'!E$2:E$91) -> 0 | K2: =SUMPRODUCT(('Gear Loadout'!A$2:A$91=A2)*'Gear Loadout'!G$2:G$91*'Gear Loadout'!E$2:E$91) -> 0 | L2: =SUMPRODUCT(('Gear Loadout'!A$2:A$91=A2)*'Gear Loadout'!H$2:H$91*'Gear Loadout'!E$2:E$91) -> 0 | M2: =SUMPRODUCT(('Gear Loadout'!A$2:A$91=A2)*'Gear Loadout'!I$2:I$91*'Gear Loadout'!E$2:E$91) -> 0 | N2: =SUMPRODUCT(('Gear Loadout'!A$2:A$91=A2)*'Gear Loadout'!J$2:J$91*'Gear Loadout'!E$2:E$91) -> 0 | O2: =SUMIFS('Talent Loadout'!G$2:G$241,'Talent Loadout'!A$2:A$241,A2,'Talent Loadout'!D$2:D$241,"StatStrength") -> 0 | P2: =SUMIFS('Talent Loadout'!G$2:G$241,'Talent Loadout'!A$2:A$241,A2,'Talent Loadout'!D$2:D$241,"StatAgility") -> 0 | Q2: =SUMIFS('Talent Loadout'!G$2:G$241,'Talent Loadout'!A$2:A$241,A2,'Talent Loadout'!D$2:D$241,"StatEndurance") -> 0 | R2: =SUMIFS('Talent Loadout'!G$2:G$241,'Talent Loadout'!A$2:A$241,A2,'Talent Loadout'!D$2:D$241,"StatFlexibility") -> 0 | S2: =SUMIFS('Talent Loadout'!G$2:G$241,'Talent Loadout'!A$2:A$241,A2,'Talent Loadout'!D$2:D$241,"StatStamina") -> 0 | T2: =SUMIFS('Talent Loadout'!G$2:G$241,'Talent Loadout'!A$2:A$241,A2,'Talent Loadout'!D$2:D$241,"BossDamagePct") -> 0 | U2: =SUMIFS('Talent Loadout'!G$2:G$241,'Talent Loadout'!A$2:A$241,A2,'Talent Loadout'!D$2:D$241,"BossActiveDamagePct") -> 0 | V2: =D2+J2+O2 -> 0 | W2: =E2+K2+P2 -> 1 | X2: =F2+L2+Q2 -> 1 | Y2: =G2+M2+R2 -> 0 | Z2: =H2+N2+S2 -> 0 | AA2: =ROUND((10+2*V2+W2)*(1+T2/100),0) -> 11 | AB2: =ROUND(5+W2+1.5*Y2,0) -> 6 | AC2: =ROUND(50+8*Z2+4*X2,0) -> 54 | AD2: =ROUND(100+20*C2+3*AA2+3*AB2+0.6*AC2+40*I2,0) -> 203 | AE2: =MIN(4,MAX(1,1+MAX(0,AD2-195)*0.0005)) -> 1.004 | AF2: ='Activity Scenarios'!G2 -> 286 | AG2: =ROUND(ROUND(AF2*AE2,0)*(1+U2/100),0) -> 287
A3: 2 | B3: Tide Sovereign | C3: 8 | D3: 4 | E3: 5 | F3: 6 | G3: 2 | H3: 4 | I3: 1 | J3: =SUMPRODUCT(('Gear Loadout'!A$2:A$91=A3)*'Gear Loadout'!F$2:F$91*'Gear Loadout'!E$2:E$91) -> 0 | K3: =SUMPRODUCT(('Gear Loadout'!A$2:A$91=A3)*'Gear Loadout'!G$2:G$91*'Gear Loadout'!E$2:E$91) -> 0 | L3: =SUMPRODUCT(('Gear Loadout'!A$2:A$91=A3)*'Gear Loadout'!H$2:H$91*'Gear Loadout'!E$2:E$91) -> 0 | M3: =SUMPRODUCT(('Gear Loadout'!A$2:A$91=A3)*'Gear Loadout'!I$2:I$91*'Gear Loadout'!E$2:E$91) -> 0 | N3: =SUMPRODUCT(('Gear Loadout'!A$2:A$91=A3)*'Gear Loadout'!J$2:J$91*'Gear Loadout'!E$2:E$91) -> 0 | O3: =SUMIFS('Talent Loadout'!G$2:G$241,'Talent Loadout'!A$2:A$241,A3,'Talent Loadout'!D$2:D$241,"StatStrength") -> 0 | P3: =SUMIFS('Talent Loadout'!G$2:G$241,'Talent Loadout'!A$2:A$241,A3,'Talent Loadout'!D$2:D$241,"StatAgility") -> 0 | Q3: =SUMIFS('Talent Loadout'!G$2:G$241,'Talent Loadout'!A$2:A$241,A3,'Talent Loadout'!D$2:D$241,"StatEndurance") -> 0 | R3: =SUMIFS('Talent Loadout'!G$2:G$241,'Talent Loadout'!A$2:A$241,A3,'Talent Loadout'!D$2:D$241,"StatFlexibility") -> 0 | S3: =SUMIFS('Talent Loadout'!G$2:G$241,'Talent Loadout'!A$2:A$241,A3,'Talent Loadout'!D$2:D$241,"StatStamina") -> 0 | T3: =SUMIFS('Talent Loadout'!G$2:G$241,'Talent Loadout'!A$2:A$241,A3,'Talent Loadout'!D$2:D$241,"BossDamagePct") -> 0 | U3: =SUMIFS('Talent Loadout'!G$2:G$241,'Talent Loadout'!A$2:A$241,A3,'Talent Loadout'!D$2:D$241,"BossActiveDamagePct") -> 0 | V3: =D3+J3+O3 -> 4 | W3: =E3+K3+P3 -> 5 | X3: =F3+L3+Q3 -> 6 | Y3: =G3+M3+R3 -> 2 | Z3: =H3+N3+S3 -> 4 | AA3: =ROUND((10+2*V3+W3)*(1+T3/100),0) -> 23 | AB3: =ROUND(5+W3+1.5*Y3,0) -> 13 | AC3: =ROUND(50+8*Z3+4*X3,0) -> 106 | AD3: =ROUND(100+20*C3+3*AA3+3*AB3+0.6*AC3+40*I3,0) -> 472 | AE3: =MIN(4,MAX(1,1+MAX(0,AD3-195)*0.0005)) -> 1.1385 | AF3: ='Activity Scenarios'!G2 -> 286 | AG3: =ROUND(ROUND(AF3*AE3,0)*(1+U3/100),0) -> 326
A4: 3 | B4: Stone Titan | C4: 15 | D4: 8 | E4: 9 | F4: 10 | G4: 4 | H4: 8 | I4: 2 | J4: =SUMPRODUCT(('Gear Loadout'!A$2:A$91=A4)*'Gear Loadout'!F$2:F$91*'Gear Loadout'!E$2:E$91) -> 0 | K4: =SUMPRODUCT(('Gear Loadout'!A$2:A$91=A4)*'Gear Loadout'!G$2:G$91*'Gear Loadout'!E$2:E$91) -> 0 | L4: =SUMPRODUCT(('Gear Loadout'!A$2:A$91=A4)*'Gear Loadout'!H$2:H$91*'Gear Loadout'!E$2:E$91) -> 0 | M4: =SUMPRODUCT(('Gear Loadout'!A$2:A$91=A4)*'Gear Loadout'!I$2:I$91*'Gear Loadout'!E$2:E$91) -> 0 | N4: =SUMPRODUCT(('Gear Loadout'!A$2:A$91=A4)*'Gear Loadout'!J$2:J$91*'Gear Loadout'!E$2:E$91) -> 0 | O4: =SUMIFS('Talent Loadout'!G$2:G$241,'Talent Loadout'!A$2:A$241,A4,'Talent Loadout'!D$2:D$241,"StatStrength") -> 0 | P4: =SUMIFS('Talent Loadout'!G$2:G$241,'Talent Loadout'!A$2:A$241,A4,'Talent Loadout'!D$2:D$241,"StatAgility") -> 0 | Q4: =SUMIFS('Talent Loadout'!G$2:G$241,'Talent Loadout'!A$2:A$241,A4,'Talent Loadout'!D$2:D$241,"StatEndurance") -> 0 | R4: =SUMIFS('Talent Loadout'!G$2:G$241,'Talent Loadout'!A$2:A$241,A4,'Talent Loadout'!D$2:D$241,"StatFlexibility") -> 0 | S4: =SUMIFS('Talent Loadout'!G$2:G$241,'Talent Loadout'!A$2:A$241,A4,'Talent Loadout'!D$2:D$241,"StatStamina") -> 0 | T4: =SUMIFS('Talent Loadout'!G$2:G$241,'Talent Loadout'!A$2:A$241,A4,'Talent Loadout'!D$2:D$241,"BossDamagePct") -> 0 | U4: =SUMIFS('Talent Loadout'!G$2:G$241,'Talent Loadout'!A$2:A$241,A4,'Talent Loadout'!D$2:D$241,"BossActiveDamagePct") -> 0 | V4: =D4+J4+O4 -> 8 | W4: =E4+K4+P4 -> 9 | X4: =F4+L4+Q4 -> 10 | Y4: =G4+M4+R4 -> 4 | Z4: =H4+N4+S4 -> 8 | AA4: =ROUND((10+2*V4+W4)*(1+T4/100),0) -> 35 | AB4: =ROUND(5+W4+1.5*Y4,0) -> 20 | AC4: =ROUND(50+8*Z4+4*X4,0) -> 154 | AD4: =ROUND(100+20*C4+3*AA4+3*AB4+0.6*AC4+40*I4,0) -> 737 | AE4: =MIN(4,MAX(1,1+MAX(0,AD4-195)*0.0005)) -> 1.271 | AF4: ='Activity Scenarios'!G2 -> 286 | AG4: =ROUND(ROUND(AF4*AE4,0)*(1+U4/100),0) -> 364
A5: 4 | B5: Molten King | C5: 25 | D5: 12 | E5: 15 | F5: 18 | G5: 8 | H5: 12 | I5: 3 | J5: =SUMPRODUCT(('Gear Loadout'!A$2:A$91=A5)*'Gear Loadout'!F$2:F$91*'Gear Loadout'!E$2:E$91) -> 0 | K5: =SUMPRODUCT(('Gear Loadout'!A$2:A$91=A5)*'Gear Loadout'!G$2:G$91*'Gear Loadout'!E$2:E$91) -> 0 | L5: =SUMPRODUCT(('Gear Loadout'!A$2:A$91=A5)*'Gear Loadout'!H$2:H$91*'Gear Loadout'!E$2:E$91) -> 0 | M5: =SUMPRODUCT(('Gear Loadout'!A$2:A$91=A5)*'Gear Loadout'!I$2:I$91*'Gear Loadout'!E$2:E$91) -> 0 | N5: =SUMPRODUCT(('Gear Loadout'!A$2:A$91=A5)*'Gear Loadout'!J$2:J$91*'Gear Loadout'!E$2:E$91) -> 0 | O5: =SUMIFS('Talent Loadout'!G$2:G$241,'Talent Loadout'!A$2:A$241,A5,'Talent Loadout'!D$2:D$241,"StatStrength") -> 0 | P5: =SUMIFS('Talent Loadout'!G$2:G$241,'Talent Loadout'!A$2:A$241,A5,'Talent Loadout'!D$2:D$241,"StatAgility") -> 0 | Q5: =SUMIFS('Talent Loadout'!G$2:G$241,'Talent Loadout'!A$2:A$241,A5,'Talent Loadout'!D$2:D$241,"StatEndurance") -> 0 | R5: =SUMIFS('Talent Loadout'!G$2:G$241,'Talent Loadout'!A$2:A$241,A5,'Talent Loadout'!D$2:D$241,"StatFlexibility") -> 0 | S5: =SUMIFS('Talent Loadout'!G$2:G$241,'Talent Loadout'!A$2:A$241,A5,'Talent Loadout'!D$2:D$241,"StatStamina") -> 0 | T5: =SUMIFS('Talent Loadout'!G$2:G$241,'Talent Loadout'!A$2:A$241,A5,'Talent Loadout'!D$2:D$241,"BossDamagePct") -> 0 | U5: =SUMIFS('Talent Loadout'!G$2:G$241,'Talent Loadout'!A$2:A$241,A5,'Talent Loadout'!D$2:D$241,"BossActiveDamagePct") -> 0 | V5: =D5+J5+O5 -> 12 | W5: =E5+K5+P5 -> 15 | X5: =F5+L5+Q5 -> 18 | Y5: =G5+M5+R5 -> 8 | Z5: =H5+N5+S5 -> 12 | AA5: =ROUND((10+2*V5+W5)*(1+T5/100),0) -> 49 | AB5: =ROUND(5+W5+1.5*Y5,0) -> 32 | AC5: =ROUND(50+8*Z5+4*X5,0) -> 218 | AD5: =ROUND(100+20*C5+3*AA5+3*AB5+0.6*AC5+40*I5,0) -> 1094 | AE5: =MIN(4,MAX(1,1+MAX(0,AD5-195)*0.0005)) -> 1.4495 | AF5: ='Activity Scenarios'!G2 -> 286 | AG5: =ROUND(ROUND(AF5*AE5,0)*(1+U5/100),0) -> 415
A6: 5 | B6: Hoarfrost Queen | C6: 32 | D6: 16 | E6: 19 | F6: 22 | G6: 10 | H6: 16 | I6: 4 | J6: =SUMPRODUCT(('Gear Loadout'!A$2:A$91=A6)*'Gear Loadout'!F$2:F$91*'Gear Loadout'!E$2:E$91) -> 0 | K6: =SUMPRODUCT(('Gear Loadout'!A$2:A$91=A6)*'Gear Loadout'!G$2:G$91*'Gear Loadout'!E$2:E$91) -> 0 | L6: =SUMPRODUCT(('Gear Loadout'!A$2:A$91=A6)*'Gear Loadout'!H$2:H$91*'Gear Loadout'!E$2:E$91) -> 0 | M6: =SUMPRODUCT(('Gear Loadout'!A$2:A$91=A6)*'Gear Loadout'!I$2:I$91*'Gear Loadout'!E$2:E$91) -> 0 | N6: =SUMPRODUCT(('Gear Loadout'!A$2:A$91=A6)*'Gear Loadout'!J$2:J$91*'Gear Loadout'!E$2:E$91) -> 0 | O6: =SUMIFS('Talent Loadout'!G$2:G$241,'Talent Loadout'!A$2:A$241,A6,'Talent Loadout'!D$2:D$241,"StatStrength") -> 0 | P6: =SUMIFS('Talent Loadout'!G$2:G$241,'Talent Loadout'!A$2:A$241,A6,'Talent Loadout'!D$2:D$241,"StatAgility") -> 0 | Q6: =SUMIFS('Talent Loadout'!G$2:G$241,'Talent Loadout'!A$2:A$241,A6,'Talent Loadout'!D$2:D$241,"StatEndurance") -> 0 | R6: =SUMIFS('Talent Loadout'!G$2:G$241,'Talent Loadout'!A$2:A$241,A6,'Talent Loadout'!D$2:D$241,"StatFlexibility") -> 0 | S6: =SUMIFS('Talent Loadout'!G$2:G$241,'Talent Loadout'!A$2:A$241,A6,'Talent Loadout'!D$2:D$241,"StatStamina") -> 0 | T6: =SUMIFS('Talent Loadout'!G$2:G$241,'Talent Loadout'!A$2:A$241,A6,'Talent Loadout'!D$2:D$241,"BossDamagePct") -> 0 | U6: =SUMIFS('Talent Loadout'!G$2:G$241,'Talent Loadout'!A$2:A$241,A6,'Talent Loadout'!D$2:D$241,"BossActiveDamagePct") -> 0 | V6: =D6+J6+O6 -> 16 | W6: =E6+K6+P6 -> 19 | X6: =F6+L6+Q6 -> 22 | Y6: =G6+M6+R6 -> 10 | Z6: =H6+N6+S6 -> 16 | AA6: =ROUND((10+2*V6+W6)*(1+T6/100),0) -> 61 | AB6: =ROUND(5+W6+1.5*Y6,0) -> 39 | AC6: =ROUND(50+8*Z6+4*X6,0) -> 266 | AD6: =ROUND(100+20*C6+3*AA6+3*AB6+0.6*AC6+40*I6,0) -> 1360 | AE6: =MIN(4,MAX(1,1+MAX(0,AD6-195)*0.0005)) -> 1.5825 | AF6: ='Activity Scenarios'!G2 -> 286 | AG6: =ROUND(ROUND(AF6*AE6,0)*(1+U6/100),0) -> 453
A7: 6 | B7: Dune Pharaoh | C7: 38 | D7: 19 | E7: 23 | F7: 27 | G7: 11 | H7: 19 | I7: 5 | J7: =SUMPRODUCT(('Gear Loadout'!A$2:A$91=A7)*'Gear Loadout'!F$2:F$91*'Gear Loadout'!E$2:E$91) -> 0 | K7: =SUMPRODUCT(('Gear Loadout'!A$2:A$91=A7)*'Gear Loadout'!G$2:G$91*'Gear Loadout'!E$2:E$91) -> 0 | L7: =SUMPRODUCT(('Gear Loadout'!A$2:A$91=A7)*'Gear Loadout'!H$2:H$91*'Gear Loadout'!E$2:E$91) -> 0 | M7: =SUMPRODUCT(('Gear Loadout'!A$2:A$91=A7)*'Gear Loadout'!I$2:I$91*'Gear Loadout'!E$2:E$91) -> 0 | N7: =SUMPRODUCT(('Gear Loadout'!A$2:A$91=A7)*'Gear Loadout'!J$2:J$91*'Gear Loadout'!E$2:E$91) -> 0 | O7: =SUMIFS('Talent Loadout'!G$2:G$241,'Talent Loadout'!A$2:A$241,A7,'Talent Loadout'!D$2:D$241,"StatStrength") -> 0 | P7: =SUMIFS('Talent Loadout'!G$2:G$241,'Talent Loadout'!A$2:A$241,A7,'Talent Loadout'!D$2:D$241,"StatAgility") -> 0 | Q7: =SUMIFS('Talent Loadout'!G$2:G$241,'Talent Loadout'!A$2:A$241,A7,'Talent Loadout'!D$2:D$241,"StatEndurance") -> 0 | R7: =SUMIFS('Talent Loadout'!G$2:G$241,'Talent Loadout'!A$2:A$241,A7,'Talent Loadout'!D$2:D$241,"StatFlexibility") -> 0 | S7: =SUMIFS('Talent Loadout'!G$2:G$241,'Talent Loadout'!A$2:A$241,A7,'Talent Loadout'!D$2:D$241,"StatStamina") -> 0 | T7: =SUMIFS('Talent Loadout'!G$2:G$241,'Talent Loadout'!A$2:A$241,A7,'Talent Loadout'!D$2:D$241,"BossDamagePct") -> 0 | U7: =SUMIFS('Talent Loadout'!G$2:G$241,'Talent Loadout'!A$2:A$241,A7,'Talent Loadout'!D$2:D$241,"BossActiveDamagePct") -> 0 | V7: =D7+J7+O7 -> 19 | W7: =E7+K7+P7 -> 23 | X7: =F7+L7+Q7 -> 27 | Y7: =G7+M7+R7 -> 11 | Z7: =H7+N7+S7 -> 19 | AA7: =ROUND((10+2*V7+W7)*(1+T7/100),0) -> 71 | AB7: =ROUND(5+W7+1.5*Y7,0) -> 45 | AC7: =ROUND(50+8*Z7+4*X7,0) -> 310 | AD7: =ROUND(100+20*C7+3*AA7+3*AB7+0.6*AC7+40*I7,0) -> 1594 | AE7: =MIN(4,MAX(1,1+MAX(0,AD7-195)*0.0005)) -> 1.6995 | AF7: ='Activity Scenarios'!G2 -> 286 | AG7: =ROUND(ROUND(AF7*AE7,0)*(1+U7/100),0) -> 486
A8: 7 | B8: Bramble Lord | C8: 44 | D8: 22 | E8: 26 | F8: 31 | G8: 13 | H8: 22 | I8: 6 | J8: =SUMPRODUCT(('Gear Loadout'!A$2:A$91=A8)*'Gear Loadout'!F$2:F$91*'Gear Loadout'!E$2:E$91) -> 0 | K8: =SUMPRODUCT(('Gear Loadout'!A$2:A$91=A8)*'Gear Loadout'!G$2:G$91*'Gear Loadout'!E$2:E$91) -> 0 | L8: =SUMPRODUCT(('Gear Loadout'!A$2:A$91=A8)*'Gear Loadout'!H$2:H$91*'Gear Loadout'!E$2:E$91) -> 0 | M8: =SUMPRODUCT(('Gear Loadout'!A$2:A$91=A8)*'Gear Loadout'!I$2:I$91*'Gear Loadout'!E$2:E$91) -> 0 | N8: =SUMPRODUCT(('Gear Loadout'!A$2:A$91=A8)*'Gear Loadout'!J$2:J$91*'Gear Loadout'!E$2:E$91) -> 0 | O8: =SUMIFS('Talent Loadout'!G$2:G$241,'Talent Loadout'!A$2:A$241,A8,'Talent Loadout'!D$2:D$241,"StatStrength") -> 0 | P8: =SUMIFS('Talent Loadout'!G$2:G$241,'Talent Loadout'!A$2:A$241,A8,'Talent Loadout'!D$2:D$241,"StatAgility") -> 0 | Q8: =SUMIFS('Talent Loadout'!G$2:G$241,'Talent Loadout'!A$2:A$241,A8,'Talent Loadout'!D$2:D$241,"StatEndurance") -> 0 | R8: =SUMIFS('Talent Loadout'!G$2:G$241,'Talent Loadout'!A$2:A$241,A8,'Talent Loadout'!D$2:D$241,"StatFlexibility") -> 0 | S8: =SUMIFS('Talent Loadout'!G$2:G$241,'Talent Loadout'!A$2:A$241,A8,'Talent Loadout'!D$2:D$241,"StatStamina") -> 0 | T8: =SUMIFS('Talent Loadout'!G$2:G$241,'Talent Loadout'!A$2:A$241,A8,'Talent Loadout'!D$2:D$241,"BossDamagePct") -> 0 | U8: =SUMIFS('Talent Loadout'!G$2:G$241,'Talent Loadout'!A$2:A$241,A8,'Talent Loadout'!D$2:D$241,"BossActiveDamagePct") -> 0 | V8: =D8+J8+O8 -> 22 | W8: =E8+K8+P8 -> 26 | X8: =F8+L8+Q8 -> 31 | Y8: =G8+M8+R8 -> 13 | Z8: =H8+N8+S8 -> 22 | AA8: =ROUND((10+2*V8+W8)*(1+T8/100),0) -> 80 | AB8: =ROUND(5+W8+1.5*Y8,0) -> 51 | AC8: =ROUND(50+8*Z8+4*X8,0) -> 350 | AD8: =ROUND(100+20*C8+3*AA8+3*AB8+0.6*AC8+40*I8,0) -> 1823 | AE8: =MIN(4,MAX(1,1+MAX(0,AD8-195)*0.0005)) -> 1.814 | AF8: ='Activity Scenarios'!G2 -> 286 | AG8: =ROUND(ROUND(AF8*AE8,0)*(1+U8/100),0) -> 519
A9: 8 | B9: Pearl Leviathan | C9: 50 | D9: 25 | E9: 30 | F9: 35 | G9: 15 | H9: 25 | I9: 7 | J9: =SUMPRODUCT(('Gear Loadout'!A$2:A$91=A9)*'Gear Loadout'!F$2:F$91*'Gear Loadout'!E$2:E$91) -> 0 | K9: =SUMPRODUCT(('Gear Loadout'!A$2:A$91=A9)*'Gear Loadout'!G$2:G$91*'Gear Loadout'!E$2:E$91) -> 0 | L9: =SUMPRODUCT(('Gear Loadout'!A$2:A$91=A9)*'Gear Loadout'!H$2:H$91*'Gear Loadout'!E$2:E$91) -> 0 | M9: =SUMPRODUCT(('Gear Loadout'!A$2:A$91=A9)*'Gear Loadout'!I$2:I$91*'Gear Loadout'!E$2:E$91) -> 0 | N9: =SUMPRODUCT(('Gear Loadout'!A$2:A$91=A9)*'Gear Loadout'!J$2:J$91*'Gear Loadout'!E$2:E$91) -> 0 | O9: =SUMIFS('Talent Loadout'!G$2:G$241,'Talent Loadout'!A$2:A$241,A9,'Talent Loadout'!D$2:D$241,"StatStrength") -> 0 | P9: =SUMIFS('Talent Loadout'!G$2:G$241,'Talent Loadout'!A$2:A$241,A9,'Talent Loadout'!D$2:D$241,"StatAgility") -> 0 | Q9: =SUMIFS('Talent Loadout'!G$2:G$241,'Talent Loadout'!A$2:A$241,A9,'Talent Loadout'!D$2:D$241,"StatEndurance") -> 0 | R9: =SUMIFS('Talent Loadout'!G$2:G$241,'Talent Loadout'!A$2:A$241,A9,'Talent Loadout'!D$2:D$241,"StatFlexibility") -> 0 | S9: =SUMIFS('Talent Loadout'!G$2:G$241,'Talent Loadout'!A$2:A$241,A9,'Talent Loadout'!D$2:D$241,"StatStamina") -> 0 | T9: =SUMIFS('Talent Loadout'!G$2:G$241,'Talent Loadout'!A$2:A$241,A9,'Talent Loadout'!D$2:D$241,"BossDamagePct") -> 0 | U9: =SUMIFS('Talent Loadout'!G$2:G$241,'Talent Loadout'!A$2:A$241,A9,'Talent Loadout'!D$2:D$241,"BossActiveDamagePct") -> 0 | V9: =D9+J9+O9 -> 25 | W9: =E9+K9+P9 -> 30 | X9: =F9+L9+Q9 -> 35 | Y9: =G9+M9+R9 -> 15 | Z9: =H9+N9+S9 -> 25 | AA9: =ROUND((10+2*V9+W9)*(1+T9/100),0) -> 90 | AB9: =ROUND(5+W9+1.5*Y9,0) -> 58 | AC9: =ROUND(50+8*Z9+4*X9,0) -> 390 | AD9: =ROUND(100+20*C9+3*AA9+3*AB9+0.6*AC9+40*I9,0) -> 2058 | AE9: =MIN(4,MAX(1,1+MAX(0,AD9-195)*0.0005)) -> 1.9315 | AF9: ='Activity Scenarios'!G2 -> 286 | AG9: =ROUND(ROUND(AF9*AE9,0)*(1+U9/100),0) -> 552
A10: 9 | B10: Storm Sovereign | C10: 56 | D10: 28 | E10: 34 | F10: 39 | G10: 17 | H10: 28 | I10: 8 | J10: =SUMPRODUCT(('Gear Loadout'!A$2:A$91=A10)*'Gear Loadout'!F$2:F$91*'Gear Loadout'!E$2:E$91) -> 0 | K10: =SUMPRODUCT(('Gear Loadout'!A$2:A$91=A10)*'Gear Loadout'!G$2:G$91*'Gear Loadout'!E$2:E$91) -> 0 | L10: =SUMPRODUCT(('Gear Loadout'!A$2:A$91=A10)*'Gear Loadout'!H$2:H$91*'Gear Loadout'!E$2:E$91) -> 0 | M10: =SUMPRODUCT(('Gear Loadout'!A$2:A$91=A10)*'Gear Loadout'!I$2:I$91*'Gear Loadout'!E$2:E$91) -> 0 | N10: =SUMPRODUCT(('Gear Loadout'!A$2:A$91=A10)*'Gear Loadout'!J$2:J$91*'Gear Loadout'!E$2:E$91) -> 0 | O10: =SUMIFS('Talent Loadout'!G$2:G$241,'Talent Loadout'!A$2:A$241,A10,'Talent Loadout'!D$2:D$241,"StatStrength") -> 0 | P10: =SUMIFS('Talent Loadout'!G$2:G$241,'Talent Loadout'!A$2:A$241,A10,'Talent Loadout'!D$2:D$241,"StatAgility") -> 0 | Q10: =SUMIFS('Talent Loadout'!G$2:G$241,'Talent Loadout'!A$2:A$241,A10,'Talent Loadout'!D$2:D$241,"StatEndurance") -> 0 | R10: =SUMIFS('Talent Loadout'!G$2:G$241,'Talent Loadout'!A$2:A$241,A10,'Talent Loadout'!D$2:D$241,"StatFlexibility") -> 0 | S10: =SUMIFS('Talent Loadout'!G$2:G$241,'Talent Loadout'!A$2:A$241,A10,'Talent Loadout'!D$2:D$241,"StatStamina") -> 0 | T10: =SUMIFS('Talent Loadout'!G$2:G$241,'Talent Loadout'!A$2:A$241,A10,'Talent Loadout'!D$2:D$241,"BossDamagePct") -> 0 | U10: =SUMIFS('Talent Loadout'!G$2:G$241,'Talent Loadout'!A$2:A$241,A10,'Talent Loadout'!D$2:D$241,"BossActiveDamagePct") -> 0 | V10: =D10+J10+O10 -> 28 | W10: =E10+K10+P10 -> 34 | X10: =F10+L10+Q10 -> 39 | Y10: =G10+M10+R10 -> 17 | Z10: =H10+N10+S10 -> 28 | AA10: =ROUND((10+2*V10+W10)*(1+T10/100),0) -> 100 | AB10: =ROUND(5+W10+1.5*Y10,0) -> 65 | AC10: =ROUND(50+8*Z10+4*X10,0) -> 430 | AD10: =ROUND(100+20*C10+3*AA10+3*AB10+0.6*AC10+40*I10,0) -> 2293 | AE10: =MIN(4,MAX(1,1+MAX(0,AD10-195)*0.0005)) -> 2.049 | AF10: ='Activity Scenarios'!G2 -> 286 | AG10: =ROUND(ROUND(AF10*AE10,0)*(1+U10/100),0) -> 586
A11: 10 | B11: Cinder Archon | C11: 62 | D11: 31 | E11: 37 | F11: 43 | G11: 19 | H11: 31 | I11: 9 | J11: =SUMPRODUCT(('Gear Loadout'!A$2:A$91=A11)*'Gear Loadout'!F$2:F$91*'Gear Loadout'!E$2:E$91) -> 0 | K11: =SUMPRODUCT(('Gear Loadout'!A$2:A$91=A11)*'Gear Loadout'!G$2:G$91*'Gear Loadout'!E$2:E$91) -> 0 | L11: =SUMPRODUCT(('Gear Loadout'!A$2:A$91=A11)*'Gear Loadout'!H$2:H$91*'Gear Loadout'!E$2:E$91) -> 0 | M11: =SUMPRODUCT(('Gear Loadout'!A$2:A$91=A11)*'Gear Loadout'!I$2:I$91*'Gear Loadout'!E$2:E$91) -> 0 | N11: =SUMPRODUCT(('Gear Loadout'!A$2:A$91=A11)*'Gear Loadout'!J$2:J$91*'Gear Loadout'!E$2:E$91) -> 0 | O11: =SUMIFS('Talent Loadout'!G$2:G$241,'Talent Loadout'!A$2:A$241,A11,'Talent Loadout'!D$2:D$241,"StatStrength") -> 0 | P11: =SUMIFS('Talent Loadout'!G$2:G$241,'Talent Loadout'!A$2:A$241,A11,'Talent Loadout'!D$2:D$241,"StatAgility") -> 0 | Q11: =SUMIFS('Talent Loadout'!G$2:G$241,'Talent Loadout'!A$2:A$241,A11,'Talent Loadout'!D$2:D$241,"StatEndurance") -> 0 | R11: =SUMIFS('Talent Loadout'!G$2:G$241,'Talent Loadout'!A$2:A$241,A11,'Talent Loadout'!D$2:D$241,"StatFlexibility") -> 0 | S11: =SUMIFS('Talent Loadout'!G$2:G$241,'Talent Loadout'!A$2:A$241,A11,'Talent Loadout'!D$2:D$241,"StatStamina") -> 0 | T11: =SUMIFS('Talent Loadout'!G$2:G$241,'Talent Loadout'!A$2:A$241,A11,'Talent Loadout'!D$2:D$241,"BossDamagePct") -> 0 | U11: =SUMIFS('Talent Loadout'!G$2:G$241,'Talent Loadout'!A$2:A$241,A11,'Talent Loadout'!D$2:D$241,"BossActiveDamagePct") -> 0 | V11: =D11+J11+O11 -> 31 | W11: =E11+K11+P11 -> 37 | X11: =F11+L11+Q11 -> 43 | Y11: =G11+M11+R11 -> 19 | Z11: =H11+N11+S11 -> 31 | AA11: =ROUND((10+2*V11+W11)*(1+T11/100),0) -> 109 | AB11: =ROUND(5+W11+1.5*Y11,0) -> 71 | AC11: =ROUND(50+8*Z11+4*X11,0) -> 470 | AD11: =ROUND(100+20*C11+3*AA11+3*AB11+0.6*AC11+40*I11,0) -> 2522 | AE11: =MIN(4,MAX(1,1+MAX(0,AD11-195)*0.0005)) -> 2.1635 | AF11: ='Activity Scenarios'!G2 -> 286 | AG11: =ROUND(ROUND(AF11*AE11,0)*(1+U11/100),0) -> 619
A12: 11 | B12: Deepfrost Wyrm | C12: 68 | D12: 34 | E12: 41 | F12: 48 | G12: 20 | H12: 34 | I12: 10 | J12: =SUMPRODUCT(('Gear Loadout'!A$2:A$91=A12)*'Gear Loadout'!F$2:F$91*'Gear Loadout'!E$2:E$91) -> 0 | K12: =SUMPRODUCT(('Gear Loadout'!A$2:A$91=A12)*'Gear Loadout'!G$2:G$91*'Gear Loadout'!E$2:E$91) -> 0 | L12: =SUMPRODUCT(('Gear Loadout'!A$2:A$91=A12)*'Gear Loadout'!H$2:H$91*'Gear Loadout'!E$2:E$91) -> 0 | M12: =SUMPRODUCT(('Gear Loadout'!A$2:A$91=A12)*'Gear Loadout'!I$2:I$91*'Gear Loadout'!E$2:E$91) -> 0 | N12: =SUMPRODUCT(('Gear Loadout'!A$2:A$91=A12)*'Gear Loadout'!J$2:J$91*'Gear Loadout'!E$2:E$91) -> 0 | O12: =SUMIFS('Talent Loadout'!G$2:G$241,'Talent Loadout'!A$2:A$241,A12,'Talent Loadout'!D$2:D$241,"StatStrength") -> 0 | P12: =SUMIFS('Talent Loadout'!G$2:G$241,'Talent Loadout'!A$2:A$241,A12,'Talent Loadout'!D$2:D$241,"StatAgility") -> 0 | Q12: =SUMIFS('Talent Loadout'!G$2:G$241,'Talent Loadout'!A$2:A$241,A12,'Talent Loadout'!D$2:D$241,"StatEndurance") -> 0 | R12: =SUMIFS('Talent Loadout'!G$2:G$241,'Talent Loadout'!A$2:A$241,A12,'Talent Loadout'!D$2:D$241,"StatFlexibility") -> 0 | S12: =SUMIFS('Talent Loadout'!G$2:G$241,'Talent Loadout'!A$2:A$241,A12,'Talent Loadout'!D$2:D$241,"StatStamina") -> 0 | T12: =SUMIFS('Talent Loadout'!G$2:G$241,'Talent Loadout'!A$2:A$241,A12,'Talent Loadout'!D$2:D$241,"BossDamagePct") -> 0 | U12: =SUMIFS('Talent Loadout'!G$2:G$241,'Talent Loadout'!A$2:A$241,A12,'Talent Loadout'!D$2:D$241,"BossActiveDamagePct") -> 0 | V12: =D12+J12+O12 -> 34 | W12: =E12+K12+P12 -> 41 | X12: =F12+L12+Q12 -> 48 | Y12: =G12+M12+R12 -> 20 | Z12: =H12+N12+S12 -> 34 | AA12: =ROUND((10+2*V12+W12)*(1+T12/100),0) -> 119 | AB12: =ROUND(5+W12+1.5*Y12,0) -> 76 | AC12: =ROUND(50+8*Z12+4*X12,0) -> 514 | AD12: =ROUND(100+20*C12+3*AA12+3*AB12+0.6*AC12+40*I12,0) -> 2753 | AE12: =MIN(4,MAX(1,1+MAX(0,AD12-195)*0.0005)) -> 2.279 | AF12: ='Activity Scenarios'!G2 -> 286 | AG12: =ROUND(ROUND(AF12*AE12,0)*(1+U12/100),0) -> 652
A13: 12 | B13: Sand Kaiser | C13: 72 | D13: 36 | E13: 43 | F13: 50 | G13: 22 | H13: 36 | I13: 11 | J13: =SUMPRODUCT(('Gear Loadout'!A$2:A$91=A13)*'Gear Loadout'!F$2:F$91*'Gear Loadout'!E$2:E$91) -> 0 | K13: =SUMPRODUCT(('Gear Loadout'!A$2:A$91=A13)*'Gear Loadout'!G$2:G$91*'Gear Loadout'!E$2:E$91) -> 0 | L13: =SUMPRODUCT(('Gear Loadout'!A$2:A$91=A13)*'Gear Loadout'!H$2:H$91*'Gear Loadout'!E$2:E$91) -> 0 | M13: =SUMPRODUCT(('Gear Loadout'!A$2:A$91=A13)*'Gear Loadout'!I$2:I$91*'Gear Loadout'!E$2:E$91) -> 0 | N13: =SUMPRODUCT(('Gear Loadout'!A$2:A$91=A13)*'Gear Loadout'!J$2:J$91*'Gear Loadout'!E$2:E$91) -> 0 | O13: =SUMIFS('Talent Loadout'!G$2:G$241,'Talent Loadout'!A$2:A$241,A13,'Talent Loadout'!D$2:D$241,"StatStrength") -> 0 | P13: =SUMIFS('Talent Loadout'!G$2:G$241,'Talent Loadout'!A$2:A$241,A13,'Talent Loadout'!D$2:D$241,"StatAgility") -> 0 | Q13: =SUMIFS('Talent Loadout'!G$2:G$241,'Talent Loadout'!A$2:A$241,A13,'Talent Loadout'!D$2:D$241,"StatEndurance") -> 0 | R13: =SUMIFS('Talent Loadout'!G$2:G$241,'Talent Loadout'!A$2:A$241,A13,'Talent Loadout'!D$2:D$241,"StatFlexibility") -> 0 | S13: =SUMIFS('Talent Loadout'!G$2:G$241,'Talent Loadout'!A$2:A$241,A13,'Talent Loadout'!D$2:D$241,"StatStamina") -> 0 | T13: =SUMIFS('Talent Loadout'!G$2:G$241,'Talent Loadout'!A$2:A$241,A13,'Talent Loadout'!D$2:D$241,"BossDamagePct") -> 0 | U13: =SUMIFS('Talent Loadout'!G$2:G$241,'Talent Loadout'!A$2:A$241,A13,'Talent Loadout'!D$2:D$241,"BossActiveDamagePct") -> 0 | V13: =D13+J13+O13 -> 36 | W13: =E13+K13+P13 -> 43 | X13: =F13+L13+Q13 -> 50 | Y13: =G13+M13+R13 -> 22 | Z13: =H13+N13+S13 -> 36 | AA13: =ROUND((10+2*V13+W13)*(1+T13/100),0) -> 125 | AB13: =ROUND(5+W13+1.5*Y13,0) -> 81 | AC13: =ROUND(50+8*Z13+4*X13,0) -> 538 | AD13: =ROUND(100+20*C13+3*AA13+3*AB13+0.6*AC13+40*I13,0) -> 2921 | AE13: =MIN(4,MAX(1,1+MAX(0,AD13-195)*0.0005)) -> 2.363 | AF13: ='Activity Scenarios'!G2 -> 286 | AG13: =ROUND(ROUND(AF13*AE13,0)*(1+U13/100),0) -> 676
A14: 13 | B14: Thornwarden | C14: 76 | D14: 38 | E14: 46 | F14: 53 | G14: 23 | H14: 38 | I14: 12 | J14: =SUMPRODUCT(('Gear Loadout'!A$2:A$91=A14)*'Gear Loadout'!F$2:F$91*'Gear Loadout'!E$2:E$91) -> 0 | K14: =SUMPRODUCT(('Gear Loadout'!A$2:A$91=A14)*'Gear Loadout'!G$2:G$91*'Gear Loadout'!E$2:E$91) -> 0 | L14: =SUMPRODUCT(('Gear Loadout'!A$2:A$91=A14)*'Gear Loadout'!H$2:H$91*'Gear Loadout'!E$2:E$91) -> 0 | M14: =SUMPRODUCT(('Gear Loadout'!A$2:A$91=A14)*'Gear Loadout'!I$2:I$91*'Gear Loadout'!E$2:E$91) -> 0 | N14: =SUMPRODUCT(('Gear Loadout'!A$2:A$91=A14)*'Gear Loadout'!J$2:J$91*'Gear Loadout'!E$2:E$91) -> 0 | O14: =SUMIFS('Talent Loadout'!G$2:G$241,'Talent Loadout'!A$2:A$241,A14,'Talent Loadout'!D$2:D$241,"StatStrength") -> 0 | P14: =SUMIFS('Talent Loadout'!G$2:G$241,'Talent Loadout'!A$2:A$241,A14,'Talent Loadout'!D$2:D$241,"StatAgility") -> 0 | Q14: =SUMIFS('Talent Loadout'!G$2:G$241,'Talent Loadout'!A$2:A$241,A14,'Talent Loadout'!D$2:D$241,"StatEndurance") -> 0 | R14: =SUMIFS('Talent Loadout'!G$2:G$241,'Talent Loadout'!A$2:A$241,A14,'Talent Loadout'!D$2:D$241,"StatFlexibility") -> 0 | S14: =SUMIFS('Talent Loadout'!G$2:G$241,'Talent Loadout'!A$2:A$241,A14,'Talent Loadout'!D$2:D$241,"StatStamina") -> 0 | T14: =SUMIFS('Talent Loadout'!G$2:G$241,'Talent Loadout'!A$2:A$241,A14,'Talent Loadout'!D$2:D$241,"BossDamagePct") -> 0 | U14: =SUMIFS('Talent Loadout'!G$2:G$241,'Talent Loadout'!A$2:A$241,A14,'Talent Loadout'!D$2:D$241,"BossActiveDamagePct") -> 0 | V14: =D14+J14+O14 -> 38 | W14: =E14+K14+P14 -> 46 | X14: =F14+L14+Q14 -> 53 | Y14: =G14+M14+R14 -> 23 | Z14: =H14+N14+S14 -> 38 | AA14: =ROUND((10+2*V14+W14)*(1+T14/100),0) -> 132 | AB14: =ROUND(5+W14+1.5*Y14,0) -> 86 | AC14: =ROUND(50+8*Z14+4*X14,0) -> 566 | AD14: =ROUND(100+20*C14+3*AA14+3*AB14+0.6*AC14+40*I14,0) -> 3094 | AE14: =MIN(4,MAX(1,1+MAX(0,AD14-195)*0.0005)) -> 2.4495 | AF14: ='Activity Scenarios'!G2 -> 286 | AG14: =ROUND(ROUND(AF14*AE14,0)*(1+U14/100),0) -> 701
A15: 14 | B15: Maw of the Deep | C15: 80 | D15: 40 | E15: 48 | F15: 56 | G15: 24 | H15: 40 | I15: 13 | J15: =SUMPRODUCT(('Gear Loadout'!A$2:A$91=A15)*'Gear Loadout'!F$2:F$91*'Gear Loadout'!E$2:E$91) -> 0 | K15: =SUMPRODUCT(('Gear Loadout'!A$2:A$91=A15)*'Gear Loadout'!G$2:G$91*'Gear Loadout'!E$2:E$91) -> 0 | L15: =SUMPRODUCT(('Gear Loadout'!A$2:A$91=A15)*'Gear Loadout'!H$2:H$91*'Gear Loadout'!E$2:E$91) -> 0 | M15: =SUMPRODUCT(('Gear Loadout'!A$2:A$91=A15)*'Gear Loadout'!I$2:I$91*'Gear Loadout'!E$2:E$91) -> 0 | N15: =SUMPRODUCT(('Gear Loadout'!A$2:A$91=A15)*'Gear Loadout'!J$2:J$91*'Gear Loadout'!E$2:E$91) -> 0 | O15: =SUMIFS('Talent Loadout'!G$2:G$241,'Talent Loadout'!A$2:A$241,A15,'Talent Loadout'!D$2:D$241,"StatStrength") -> 0 | P15: =SUMIFS('Talent Loadout'!G$2:G$241,'Talent Loadout'!A$2:A$241,A15,'Talent Loadout'!D$2:D$241,"StatAgility") -> 0 | Q15: =SUMIFS('Talent Loadout'!G$2:G$241,'Talent Loadout'!A$2:A$241,A15,'Talent Loadout'!D$2:D$241,"StatEndurance") -> 0 | R15: =SUMIFS('Talent Loadout'!G$2:G$241,'Talent Loadout'!A$2:A$241,A15,'Talent Loadout'!D$2:D$241,"StatFlexibility") -> 0 | S15: =SUMIFS('Talent Loadout'!G$2:G$241,'Talent Loadout'!A$2:A$241,A15,'Talent Loadout'!D$2:D$241,"StatStamina") -> 0 | T15: =SUMIFS('Talent Loadout'!G$2:G$241,'Talent Loadout'!A$2:A$241,A15,'Talent Loadout'!D$2:D$241,"BossDamagePct") -> 0 | U15: =SUMIFS('Talent Loadout'!G$2:G$241,'Talent Loadout'!A$2:A$241,A15,'Talent Loadout'!D$2:D$241,"BossActiveDamagePct") -> 0 | V15: =D15+J15+O15 -> 40 | W15: =E15+K15+P15 -> 48 | X15: =F15+L15+Q15 -> 56 | Y15: =G15+M15+R15 -> 24 | Z15: =H15+N15+S15 -> 40 | AA15: =ROUND((10+2*V15+W15)*(1+T15/100),0) -> 138 | AB15: =ROUND(5+W15+1.5*Y15,0) -> 89 | AC15: =ROUND(50+8*Z15+4*X15,0) -> 594 | AD15: =ROUND(100+20*C15+3*AA15+3*AB15+0.6*AC15+40*I15,0) -> 3257 | AE15: =MIN(4,MAX(1,1+MAX(0,AD15-195)*0.0005)) -> 2.531 | AF15: ='Activity Scenarios'!G2 -> 286 | AG15: =ROUND(ROUND(AF15*AE15,0)*(1+U15/100),0) -> 724
A16: 15 | B16: Worldflame | C16: 85 | D16: 42 | E16: 51 | F16: 59 | G16: 26 | H16: 42 | I16: 14 | J16: =SUMPRODUCT(('Gear Loadout'!A$2:A$91=A16)*'Gear Loadout'!F$2:F$91*'Gear Loadout'!E$2:E$91) -> 0 | K16: =SUMPRODUCT(('Gear Loadout'!A$2:A$91=A16)*'Gear Loadout'!G$2:G$91*'Gear Loadout'!E$2:E$91) -> 0 | L16: =SUMPRODUCT(('Gear Loadout'!A$2:A$91=A16)*'Gear Loadout'!H$2:H$91*'Gear Loadout'!E$2:E$91) -> 0 | M16: =SUMPRODUCT(('Gear Loadout'!A$2:A$91=A16)*'Gear Loadout'!I$2:I$91*'Gear Loadout'!E$2:E$91) -> 0 | N16: =SUMPRODUCT(('Gear Loadout'!A$2:A$91=A16)*'Gear Loadout'!J$2:J$91*'Gear Loadout'!E$2:E$91) -> 0 | O16: =SUMIFS('Talent Loadout'!G$2:G$241,'Talent Loadout'!A$2:A$241,A16,'Talent Loadout'!D$2:D$241,"StatStrength") -> 0 | P16: =SUMIFS('Talent Loadout'!G$2:G$241,'Talent Loadout'!A$2:A$241,A16,'Talent Loadout'!D$2:D$241,"StatAgility") -> 0 | Q16: =SUMIFS('Talent Loadout'!G$2:G$241,'Talent Loadout'!A$2:A$241,A16,'Talent Loadout'!D$2:D$241,"StatEndurance") -> 0 | R16: =SUMIFS('Talent Loadout'!G$2:G$241,'Talent Loadout'!A$2:A$241,A16,'Talent Loadout'!D$2:D$241,"StatFlexibility") -> 0 | S16: =SUMIFS('Talent Loadout'!G$2:G$241,'Talent Loadout'!A$2:A$241,A16,'Talent Loadout'!D$2:D$241,"StatStamina") -> 0 | T16: =SUMIFS('Talent Loadout'!G$2:G$241,'Talent Loadout'!A$2:A$241,A16,'Talent Loadout'!D$2:D$241,"BossDamagePct") -> 0 | U16: =SUMIFS('Talent Loadout'!G$2:G$241,'Talent Loadout'!A$2:A$241,A16,'Talent Loadout'!D$2:D$241,"BossActiveDamagePct") -> 0 | V16: =D16+J16+O16 -> 42 | W16: =E16+K16+P16 -> 51 | X16: =F16+L16+Q16 -> 59 | Y16: =G16+M16+R16 -> 26 | Z16: =H16+N16+S16 -> 42 | AA16: =ROUND((10+2*V16+W16)*(1+T16/100),0) -> 145 | AB16: =ROUND(5+W16+1.5*Y16,0) -> 95 | AC16: =ROUND(50+8*Z16+4*X16,0) -> 622 | AD16: =ROUND(100+20*C16+3*AA16+3*AB16+0.6*AC16+40*I16,0) -> 3453 | AE16: =MIN(4,MAX(1,1+MAX(0,AD16-195)*0.0005)) -> 2.629 | AF16: ='Activity Scenarios'!G2 -> 286 | AG16: =ROUND(ROUND(AF16*AE16,0)*(1+U16/100),0) -> 752

Sheet Activity Scenarios
A1: Activity | B1: Multiplier | C1: Minutes | D1: Distance km | E1: Calories | F1: Base damage | G1: Raw damage | H1: With player multiplier | I1: Notes
A2: Climbing | B2: 1.3 | C2: 45 | D2: 0 | E2: 350 | F2: =E2*0.5+C2+D2*3 -> 220 | G2: =INT(F2*B2) -> 286 | H2: =ROUND(G2*Settings!B4*(1+Settings!B5/100),0) -> 286 | I2: Editable representative workout
A3: Running | B3: 1.2 | C3: 40 | D3: 6 | E3: 400 | F3: =E3*0.5+C3+D3*3 -> 258 | G3: =INT(F3*B3) -> 309 | H3: =ROUND(G3*Settings!B4*(1+Settings!B5/100),0) -> 309 | I3: Editable representative workout
A4: Swimming | B4: 1.1 | C4: 45 | D4: 1.5 | E4: 350 | F4: =E4*0.5+C4+D4*3 -> 224.5 | G4: =INT(F4*B4) -> 246 | H4: =ROUND(G4*Settings!B4*(1+Settings!B5/100),0) -> 246 | I4: Editable representative workout
A5: Gym | B5: 1 | C5: 50 | D5: 0 | E5: 350 | F5: =E5*0.5+C5+D5*3 -> 225 | G5: =INT(F5*B5) -> 225 | H5: =ROUND(G5*Settings!B4*(1+Settings!B5/100),0) -> 225 | I5: Editable representative workout
A6: Cycling | B6: 1 | C6: 60 | D6: 20 | E6: 500 | F6: =E6*0.5+C6+D6*3 -> 370 | G6: =INT(F6*B6) -> 370 | H6: =ROUND(G6*Settings!B4*(1+Settings!B5/100),0) -> 370 | I6: Editable representative workout
A7: Hiking | B7: 1 | C7: 90 | D7: 8 | E7: 550 | F7: =E7*0.5+C7+D7*3 -> 389 | G7: =INT(F7*B7) -> 389 | H7: =ROUND(G7*Settings!B4*(1+Settings!B5/100),0) -> 389 | I7: Editable representative workout
A8: Yoga | B8: 0.8 | C8: 40 | D8: 0 | E8: 150 | F8: =E8*0.5+C8+D8*3 -> 115 | G8: =INT(F8*B8) -> 92 | H8: =ROUND(G8*Settings!B4*(1+Settings!B5/100),0) -> 92 | I8: Editable representative workout
A9: Other | B9: 1 | C9: 45 | D9: 0 | E9: 300 | F9: =E9*0.5+C9+D9*3 -> 195 | G9: =INT(F9*B9) -> 195 | H9: =ROUND(G9*Settings!B4*(1+Settings!B5/100),0) -> 195 | I9: Editable representative workout

Sheet Boss Balance
A1: Chapter | B1: Region | C1: Required level | D1: Boss | E1: Tier | F1: Type | G1: Boss HP | H1: Reward XP | I1: Timer days | J1: Raw dmg/workout | K1: Player dmg mult | L1: Boss bonus % | M1: Boss armor | N1: Armor K | O1: Boss mitigation | P1: Effective dmg/workout | Q1: Target workouts | R1: Calculated workouts | S1: Workouts/day | T1: Days to win | U1: Timer check | V1: Reward XP/workout | W1: Player HP | X1: Player defense | Y1: Boss counterattack | Z1: Player mitigation | AA1: Damage taken/turn | AB1: Hits survived | AC1: Target hits survived
A2: 1 | B2: Forest of Endurance | C2: 1 | D2: Forest Warden | E2: 10 | F2: World Boss | G2: 1824 | H2: 1200 | I2: 0 | J2: ='Player Builds'!AF2 -> 286 | K2: ='Player Builds'!AE2 -> 1.004 | L2: ='Player Builds'!U2 -> 0 | M2: 10 | N2: =Settings!B2 -> 100 | O2: =M2/(M2+N2) -> 0.090909091 | P2: =MAX(1,ROUND('Player Builds'!AG2*(1-O2),0)) -> 261 | Q2: 8 | R2: =ROUNDUP(G2/P2,0) -> 7 | S2: =Settings!B6 -> 0.75 | T2: =R2/S2 -> 9.3333333 | U2: ="No timer" -> No timer | V2: =H2/R2 -> 171.42857 | W2: ='Player Builds'!AC2 -> 54 | X2: ='Player Builds'!AB2 -> 6 | Y2: 7 | Z2: =X2/(X2+N2) -> 0.056603774 | AA2: =MAX(1,ROUND(Y2*(1-Z2),0)) -> 7 | AB2: =W2/AA2 -> 7.7142857 | AC2: 8
A3: 2 | B3: Ocean of Balance | C3: 8 | D3: Tide Sovereign | E3: 8 | F3: World Boss | G3: 1984 | H3: 1400 | I3: 0 | J3: ='Player Builds'!AF3 -> 286 | K3: ='Player Builds'!AE3 -> 1.1385 | L3: ='Player Builds'!U3 -> 0 | M3: 15 | N3: =Settings!B2 -> 100 | O3: =M3/(M3+N3) -> 0.13043478 | P3: =MAX(1,ROUND('Player Builds'!AG3*(1-O3),0)) -> 283 | Q3: 8 | R3: =ROUNDUP(G3/P3,0) -> 8 | S3: =Settings!B6 -> 0.75 | T3: =R3/S3 -> 10.666667 | U3: ="No timer" -> No timer | V3: =H3/R3 -> 175 | W3: ='Player Builds'!AC3 -> 106 | X3: ='Player Builds'!AB3 -> 13 | Y3: 16 | Z3: =X3/(X3+N3) -> 0.11504425 | AA3: =MAX(1,ROUND(Y3*(1-Z3),0)) -> 14 | AB3: =W3/AA3 -> 7.5714286 | AC3: 8
A4: 3 | B4: Mountains of Strength | C4: 15 | D4: Stone Titan | E4: 8 | F4: World Boss | G4: 2120 | H4: 1600 | I4: 0 | J4: ='Player Builds'!AF4 -> 286 | K4: ='Player Builds'!AE4 -> 1.271 | L4: ='Player Builds'!U4 -> 0 | M4: 20 | N4: =Settings!B2 -> 100 | O4: =M4/(M4+N4) -> 0.16666667 | P4: =MAX(1,ROUND('Player Builds'!AG4*(1-O4),0)) -> 303 | Q4: 8 | R4: =ROUNDUP(G4/P4,0) -> 7 | S4: =Settings!B6 -> 0.75 | T4: =R4/S4 -> 9.3333333 | U4: ="No timer" -> No timer | V4: =H4/R4 -> 228.57143 | W4: ='Player Builds'!AC4 -> 154 | X4: ='Player Builds'!AB4 -> 20 | Y4: 24 | Z4: =X4/(X4+N4) -> 0.16666667 | AA4: =MAX(1,ROUND(Y4*(1-Z4),0)) -> 20 | AB4: =W4/AA4 -> 7.7 | AC4: 8
A5: 4 | B5: Ashen Caldera | C5: 25 | D5: Molten King | E5: 8 | F5: World Boss | G5: 2320 | H5: 1800 | I5: 0 | J5: ='Player Builds'!AF5 -> 286 | K5: ='Player Builds'!AE5 -> 1.4495 | L5: ='Player Builds'!U5 -> 0 | M5: 25 | N5: =Settings!B2 -> 100 | O5: =M5/(M5+N5) -> 0.2 | P5: =MAX(1,ROUND('Player Builds'!AG5*(1-O5),0)) -> 332 | Q5: 8 | R5: =ROUNDUP(G5/P5,0) -> 7 | S5: =Settings!B6 -> 0.75 | T5: =R5/S5 -> 9.3333333 | U5: ="No timer" -> No timer | V5: =H5/R5 -> 257.14286 | W5: ='Player Builds'!AC5 -> 218 | X5: ='Player Builds'!AB5 -> 32 | Y5: 37 | Z5: =X5/(X5+N5) -> 0.24242424 | AA5: =MAX(1,ROUND(Y5*(1-Z5),0)) -> 28 | AB5: =W5/AA5 -> 7.7857143 | AC5: 8
A6: 5 | B6: Frostspire Tundra | C6: 32 | D6: Hoarfrost Queen | E6: 8 | F6: World Boss | G6: 3050 | H6: 2480 | I6: 0 | J6: ='Player Builds'!AF6 -> 286 | K6: ='Player Builds'!AE6 -> 1.5825 | L6: ='Player Builds'!U6 -> 0 | M6: 30 | N6: =Settings!B2 -> 100 | O6: =M6/(M6+N6) -> 0.23076923 | P6: =MAX(1,ROUND('Player Builds'!AG6*(1-O6),0)) -> 348 | Q6: 10 | R6: =ROUNDUP(G6/P6,0) -> 9 | S6: =Settings!B6 -> 0.75 | T6: =R6/S6 -> 12 | U6: ="No timer" -> No timer | V6: =H6/R6 -> 275.55556 | W6: ='Player Builds'!AC6 -> 266 | X6: ='Player Builds'!AB6 -> 39 | Y6: 53 | Z6: =X6/(X6+N6) -> 0.28057554 | AA6: =MAX(1,ROUND(Y6*(1-Z6),0)) -> 38 | AB6: =W6/AA6 -> 7 | AC6: 7
A7: 6 | B7: Sunscorch Dunes | C7: 38 | D7: Dune Pharaoh | E7: 8 | F7: World Boss | G7: 3140 | H7: 2600 | I7: 0 | J7: ='Player Builds'!AF7 -> 286 | K7: ='Player Builds'!AE7 -> 1.6995 | L7: ='Player Builds'!U7 -> 0 | M7: 35 | N7: =Settings!B2 -> 100 | O7: =M7/(M7+N7) -> 0.25925926 | P7: =MAX(1,ROUND('Player Builds'!AG7*(1-O7),0)) -> 360 | Q7: 10 | R7: =ROUNDUP(G7/P7,0) -> 9 | S7: =Settings!B6 -> 0.75 | T7: =R7/S7 -> 12 | U7: ="No timer" -> No timer | V7: =H7/R7 -> 288.88889 | W7: ='Player Builds'!AC7 -> 310 | X7: ='Player Builds'!AB7 -> 45 | Y7: 65 | Z7: =X7/(X7+N7) -> 0.31034483 | AA7: =MAX(1,ROUND(Y7*(1-Z7),0)) -> 45 | AB7: =W7/AA7 -> 6.8888889 | AC7: 7
A8: 7 | B8: Shadewood Deep | C8: 44 | D8: Bramble Lord | E8: 8 | F8: World Boss | G8: 3240 | H8: 2720 | I8: 0 | J8: ='Player Builds'!AF8 -> 286 | K8: ='Player Builds'!AE8 -> 1.814 | L8: ='Player Builds'!U8 -> 0 | M8: 40 | N8: =Settings!B2 -> 100 | O8: =M8/(M8+N8) -> 0.28571429 | P8: =MAX(1,ROUND('Player Builds'!AG8*(1-O8),0)) -> 371 | Q8: 10 | R8: =ROUNDUP(G8/P8,0) -> 9 | S8: =Settings!B6 -> 0.75 | T8: =R8/S8 -> 12 | U8: ="No timer" -> No timer | V8: =H8/R8 -> 302.22222 | W8: ='Player Builds'!AC8 -> 350 | X8: ='Player Builds'!AB8 -> 51 | Y8: 75 | Z8: =X8/(X8+N8) -> 0.33774834 | AA8: =MAX(1,ROUND(Y8*(1-Z8),0)) -> 50 | AB8: =W8/AA8 -> 7 | AC8: 7
A9: 8 | B9: Moonlit Reef | C9: 50 | D9: Pearl Leviathan | E9: 8 | F9: World Boss | G9: 3330 | H9: 2840 | I9: 0 | J9: ='Player Builds'!AF9 -> 286 | K9: ='Player Builds'!AE9 -> 1.9315 | L9: ='Player Builds'!U9 -> 0 | M9: 45 | N9: =Settings!B2 -> 100 | O9: =M9/(M9+N9) -> 0.31034483 | P9: =MAX(1,ROUND('Player Builds'!AG9*(1-O9),0)) -> 381 | Q9: 10 | R9: =ROUNDUP(G9/P9,0) -> 9 | S9: =Settings!B6 -> 0.75 | T9: =R9/S9 -> 12 | U9: ="No timer" -> No timer | V9: =H9/R9 -> 315.55556 | W9: ='Player Builds'!AC9 -> 390 | X9: ='Player Builds'!AB9 -> 58 | Y9: 88 | Z9: =X9/(X9+N9) -> 0.36708861 | AA9: =MAX(1,ROUND(Y9*(1-Z9),0)) -> 56 | AB9: =W9/AA9 -> 6.9642857 | AC9: 7
A10: 9 | B10: Thunderpeak Range | C10: 56 | D10: Storm Sovereign | E10: 8 | F10: World Boss | G10: 3410 | H10: 2960 | I10: 0 | J10: ='Player Builds'!AF10 -> 286 | K10: ='Player Builds'!AE10 -> 2.049 | L10: ='Player Builds'!U10 -> 0 | M10: 50 | N10: =Settings!B2 -> 100 | O10: =M10/(M10+N10) -> 0.33333333 | P10: =MAX(1,ROUND('Player Builds'!AG10*(1-O10),0)) -> 391 | Q10: 10 | R10: =ROUNDUP(G10/P10,0) -> 9 | S10: =Settings!B6 -> 0.75 | T10: =R10/S10 -> 12 | U10: ="No timer" -> No timer | V10: =H10/R10 -> 328.88889 | W10: ='Player Builds'!AC10 -> 430 | X10: ='Player Builds'!AB10 -> 65 | Y10: 102 | Z10: =X10/(X10+N10) -> 0.39393939 | AA10: =MAX(1,ROUND(Y10*(1-Z10),0)) -> 62 | AB10: =W10/AA10 -> 6.9354839 | AC10: 7
A11: 10 | B11: Emberfall Crater | C11: 62 | D11: Cinder Archon | E11: 8 | F11: World Boss | G11: 3480 | H11: 3080 | I11: 0 | J11: ='Player Builds'!AF11 -> 286 | K11: ='Player Builds'!AE11 -> 2.1635 | L11: ='Player Builds'!U11 -> 0 | M11: 55 | N11: =Settings!B2 -> 100 | O11: =M11/(M11+N11) -> 0.35483871 | P11: =MAX(1,ROUND('Player Builds'!AG11*(1-O11),0)) -> 399 | Q11: 10 | R11: =ROUNDUP(G11/P11,0) -> 9 | S11: =Settings!B6 -> 0.75 | T11: =R11/S11 -> 12 | U11: ="No timer" -> No timer | V11: =H11/R11 -> 342.22222 | W11: ='Player Builds'!AC11 -> 470 | X11: ='Player Builds'!AB11 -> 71 | Y11: 116 | Z11: =X11/(X11+N11) -> 0.41520468 | AA11: =MAX(1,ROUND(Y11*(1-Z11),0)) -> 68 | AB11: =W11/AA11 -> 6.9117647 | AC11: 7
A12: 11 | B12: Glacier Abyss | C12: 68 | D12: Deepfrost Wyrm | E12: 8 | F12: World Boss | G12: 4272 | H12: 3200 | I12: 0 | J12: ='Player Builds'!AF12 -> 286 | K12: ='Player Builds'!AE12 -> 2.279 | L12: ='Player Builds'!U12 -> 0 | M12: 60 | N12: =Settings!B2 -> 100 | O12: =M12/(M12+N12) -> 0.375 | P12: =MAX(1,ROUND('Player Builds'!AG12*(1-O12),0)) -> 408 | Q12: 12 | R12: =ROUNDUP(G12/P12,0) -> 11 | S12: =Settings!B6 -> 0.75 | T12: =R12/S12 -> 14.666667 | U12: ="No timer" -> No timer | V12: =H12/R12 -> 290.90909 | W12: ='Player Builds'!AC12 -> 514 | X12: ='Player Builds'!AB12 -> 76 | Y12: 151 | Z12: =X12/(X12+N12) -> 0.43181818 | AA12: =MAX(1,ROUND(Y12*(1-Z12),0)) -> 86 | AB12: =W12/AA12 -> 5.9767442 | AC12: 6
A13: 12 | B13: Mirage Wastes | C13: 72 | D13: Sand Kaiser | E13: 8 | F13: World Boss | G13: 4296 | H13: 3280 | I13: 0 | J13: ='Player Builds'!AF13 -> 286 | K13: ='Player Builds'!AE13 -> 2.363 | L13: ='Player Builds'!U13 -> 0 | M13: 65 | N13: =Settings!B2 -> 100 | O13: =M13/(M13+N13) -> 0.39393939 | P13: =MAX(1,ROUND('Player Builds'!AG13*(1-O13),0)) -> 410 | Q13: 12 | R13: =ROUNDUP(G13/P13,0) -> 11 | S13: =Settings!B6 -> 0.75 | T13: =R13/S13 -> 14.666667 | U13: ="No timer" -> No timer | V13: =H13/R13 -> 298.18182 | W13: ='Player Builds'!AC13 -> 538 | X13: ='Player Builds'!AB13 -> 81 | Y13: 163 | Z13: =X13/(X13+N13) -> 0.44751381 | AA13: =MAX(1,ROUND(Y13*(1-Z13),0)) -> 90 | AB13: =W13/AA13 -> 5.9777778 | AC13: 6
A14: 13 | B14: Verdant Spine | C14: 76 | D14: Thornwarden | E14: 8 | F14: World Boss | G14: 4320 | H14: 3360 | I14: 0 | J14: ='Player Builds'!AF14 -> 286 | K14: ='Player Builds'!AE14 -> 2.4495 | L14: ='Player Builds'!U14 -> 0 | M14: 70 | N14: =Settings!B2 -> 100 | O14: =M14/(M14+N14) -> 0.41176471 | P14: =MAX(1,ROUND('Player Builds'!AG14*(1-O14),0)) -> 412 | Q14: 12 | R14: =ROUNDUP(G14/P14,0) -> 11 | S14: =Settings!B6 -> 0.75 | T14: =R14/S14 -> 14.666667 | U14: ="No timer" -> No timer | V14: =H14/R14 -> 305.45455 | W14: ='Player Builds'!AC14 -> 566 | X14: ='Player Builds'!AB14 -> 86 | Y14: 177 | Z14: =X14/(X14+N14) -> 0.46236559 | AA14: =MAX(1,ROUND(Y14*(1-Z14),0)) -> 95 | AB14: =W14/AA14 -> 5.9578947 | AC14: 6
A15: 14 | B15: Abyssal Trench | C15: 80 | D15: Maw of the Deep | E15: 8 | F15: World Boss | G15: 4344 | H15: 3440 | I15: 0 | J15: ='Player Builds'!AF15 -> 286 | K15: ='Player Builds'!AE15 -> 2.531 | L15: ='Player Builds'!U15 -> 0 | M15: 75 | N15: =Settings!B2 -> 100 | O15: =M15/(M15+N15) -> 0.42857143 | P15: =MAX(1,ROUND('Player Builds'!AG15*(1-O15),0)) -> 414 | Q15: 12 | R15: =ROUNDUP(G15/P15,0) -> 11 | S15: =Settings!B6 -> 0.75 | T15: =R15/S15 -> 14.666667 | U15: ="No timer" -> No timer | V15: =H15/R15 -> 312.72727 | W15: ='Player Builds'!AC15 -> 594 | X15: ='Player Builds'!AB15 -> 89 | Y15: 187 | Z15: =X15/(X15+N15) -> 0.47089947 | AA15: =MAX(1,ROUND(Y15*(1-Z15),0)) -> 99 | AB15: =W15/AA15 -> 6 | AC15: 6
A16: 15 | B16: Apex Caldera | C16: 85 | D16: Worldflame | E16: 8 | F16: World Boss | G16: 4380 | H16: 3540 | I16: 0 | J16: ='Player Builds'!AF16 -> 286 | K16: ='Player Builds'!AE16 -> 2.629 | L16: ='Player Builds'!U16 -> 0 | M16: 80 | N16: =Settings!B2 -> 100 | O16: =M16/(M16+N16) -> 0.44444444 | P16: =MAX(1,ROUND('Player Builds'!AG16*(1-O16),0)) -> 418 | Q16: 12 | R16: =ROUNDUP(G16/P16,0) -> 11 | S16: =Settings!B6 -> 0.75 | T16: =R16/S16 -> 14.666667 | U16: ="No timer" -> No timer | V16: =H16/R16 -> 321.81818 | W16: ='Player Builds'!AC16 -> 622 | X16: ='Player Builds'!AB16 -> 95 | Y16: 203 | Z16: =X16/(X16+N16) -> 0.48717949 | AA16: =MAX(1,ROUND(Y16*(1-Z16),0)) -> 104 | AB16: =W16/AA16 -> 5.9807692 | AC16: 6
